{
  "Ankylosing_Spondylitis": {
    "full": [
      0.7276422764227642,
      0.6,
      0.9535714285714285,
      0.6607142857142856,
      0.4232142857142857
    ],
    "genome": [
      0.7012195121951219,
      0.7410714285714286,
      0.8428571428571429,
      0.6892857142857144,
      0.6214285714285714
    ]
  },
  "Asthma": {
    "full": [
      0.9878048780487805,
      0.9388888888888889,
      0.975,
      0.9625,
      0.975
    ],
    "genome": [
      0.8841463414634146,
      0.8166666666666667,
      0.7203124999999999,
      0.734375,
      0.840625
    ]
  },
  "Atopic_Dermatitis": {
    "full": [
      0.9939024390243903,
      0.9923076923076923,
      0.9942307692307693,
      0.9854166666666666,
      0.9916666666666666
    ],
    "genome": [
      0.9105691056910569,
      0.8961538461538462,
      0.8846153846153847,
      0.8458333333333333,
      0.8604166666666667
    ]
  },
  "Bipolar": {
    "full": [
      0.8597560975609756,
      0.9464285714285714,
      0.9285714285714285,
      0.9589285714285715,
      0.8035714285714285
    ],
    "genome": [
      0.8333333333333333,
      0.9357142857142857,
      0.9303571428571429,
      0.975,
      0.9285714285714286
    ]
  },
  "Breast_Cancer": {
    "full": [
      0.9288617886178862,
      0.9458333333333333,
      0.9645833333333332,
      0.9479166666666667,
      0.8875000000000001
    ],
    "genome": [
      0.8495934959349594,
      0.93125,
      0.9041666666666667,
      0.83125,
      0.8177083333333335
    ]
  },
  "Celiac": {
    "full": [
      1.0,
      1.0,
      1.0,
      0.9339285714285714,
      1.0
    ],
    "genome": [
      1.0,
      1.0,
      1.0,
      0.9660714285714286,
      1.0
    ]
  },
  "Colorectal_Cancer": {
    "full": [
      0.97,
      0.995,
      0.9575,
      0.9918699186991871,
      0.9708333333333333
    ],
    "genome": [
      0.9000000000000001,
      0.9925,
      0.9687500000000001,
      0.9674796747967479,
      0.9666666666666667
    ]
  },
  "Coronary_Artery": {
    "full": [
      0.9435975609756097,
      0.954,
      0.98125,
      0.9536458333333333,
      0.934375
    ],
    "genome": [
      0.9014227642276422,
      0.9304999999999999,
      0.9447916666666667,
      0.9239583333333333,
      0.8916666666666667
    ]
  },
  "Longevity": {
    "full": [
      1.0,
      1.0,
      1.0,
      1.0,
      1.0
    ],
    "genome": [
      1.0,
      1.0,
      1.0,
      1.0,
      1.0
    ]
  },
  "Parkinsons": {
    "full": [
      1.0,
      1.0,
      1.0,
      1.0,
      1.0
    ],
    "genome": [
      1.0,
      1.0,
      1.0,
      1.0,
      1.0
    ]
  },
  "Type2_Diabetes": {
    "full": [
      0.951219512195122,
      0.9249999999999999,
      0.9607142857142856,
      0.9071428571428571,
      0.9214285714285715
    ],
    "genome": [
      0.8739837398373984,
      0.8607142857142858,
      0.9285714285714285,
      0.8357142857142856,
      0.7928571428571429
    ]
  }
}