{
  "Ankylosing_Spondylitis": {
    "full": [
      0.6642857142857143,
      0.719642857142857,
      0.8785714285714286,
      0.7107142857142857,
      0.7479674796747967
    ],
    "genome": [
      0.6946428571428571,
      0.6607142857142857,
      0.8107142857142857,
      0.7892857142857143,
      0.7723577235772359
    ]
  },
  "Asthma": {
    "full": [
      0.9666666666666667,
      0.978658536585366,
      0.9843750000000001,
      0.9609375,
      0.99375
    ],
    "genome": [
      0.8361111111111111,
      0.8445121951219512,
      0.76875,
      0.659375,
      0.9062500000000001
    ]
  },
  "Atopic_Dermatitis": {
    "full": [
      1.0,
      1.0,
      0.9735772357723577,
      0.9916666666666667,
      0.9916666666666667
    ],
    "genome": [
      0.9076923076923078,
      0.971153846153846,
      0.8150406504065041,
      0.8729166666666667,
      0.9020833333333333
    ]
  },
  "Bipolar": {
    "full": [
      0.9571428571428572,
      0.9660714285714286,
      0.7839285714285714,
      0.9428571428571428,
      0.9146341463414634
    ],
    "genome": [
      0.9660714285714286,
      0.9392857142857143,
      0.7767857142857142,
      0.975,
      0.975609756097561
    ]
  },
  "Breast_Cancer": {
    "full": [
      0.9349593495934959,
      0.9479166666666667,
      0.91875,
      0.9854166666666666,
      0.9145833333333333
    ],
    "genome": [
      0.8130081300813008,
      0.8708333333333333,
      0.8416666666666668,
      0.9,
      0.8083333333333333
    ]
  },
  "Celiac": {
    "full": [
      0.9494773519163763,
      1.0,
      1.0,
      1.0,
      1.0
    ],
    "genome": [
      0.9790940766550523,
      1.0,
      1.0,
      0.9999999999999999,
      1.0
    ]
  },
  "Colorectal_Cancer": {
    "full": [
      0.91625,
      0.98875,
      0.995,
      0.8604336043360434,
      1.0
    ],
    "genome": [
      0.8975000000000001,
      0.99,
      0.9975,
      0.8915989159891599,
      1.0
    ]
  },
  "Coronary_Artery": {
    "full": [
      0.978,
      0.926829268292683,
      0.9322916666666666,
      0.9697916666666667,
      0.975
    ],
    "genome": [
      0.9550000000000001,
      0.8800813008130082,
      0.8578125000000001,
      0.8994791666666666,
      0.9552083333333332
    ]
  },
  "Longevity": {
    "full": [
      1.0,
      1.0,
      0.9999999999999999,
      1.0,
      1.0
    ],
    "genome": [
      1.0,
      1.0,
      1.0,
      1.0,
      1.0
    ]
  },
  "Parkinsons": {
    "full": [
      1.0,
      1.0,
      1.0,
      1.0,
      1.0
    ],
    "genome": [
      1.0,
      1.0,
      1.0,
      1.0,
      1.0
    ]
  },
  "Type2_Diabetes": {
    "full": [
      0.9535714285714285,
      0.9285714285714286,
      0.8714285714285714,
      0.9464285714285714,
      0.8373983739837398
    ],
    "genome": [
      0.8982142857142856,
      0.7928571428571428,
      0.8464285714285714,
      0.9357142857142857,
      0.8292682926829268
    ]
  }
}